timestamp,person,role,content,ai_reasoning
2026-04-16 17:18:17,system,mode,Mode: Omniscient,
2026-04-16 17:18:17,erik,user,"The U.S. government systematically defunded public education for decades, forcing students into predatory loan structures, and forgiveness is not charity, it is a correction of a policy failure.",
2026-04-16 17:18:30,shamit,user,"Broad forgiveness is regressive by design, since the largest loans belong to future high earners, meaning plumbers and electricians who skipped college would be subsidizing the debt of doctors and lawyers.",
2026-04-16 17:18:53,arbiter,side_panel_to_a,"Shamit pointed out that broad forgiveness is regressive by design, favoring future high earners, so doesn't this undermine your correction of policy failure argument, erik, and shouldn't you consider a more targeted approach to avoid subsidizing the debt of doctors and lawyers with the tax dollars of plumbers and electricians?","I noticed that erik's argument focuses on the historical defunding of public education and the need for policy correction, while shamit's argument highlights the regressive nature of broad forgiveness. I chose to challenge erik's position by referencing shamit's argument, as it exposes a potential weakness in erik's stance by pointing out that forgiveness may disproportionately benefit high-earning individuals. By doing so, I aim to push erik to reconsider the fairness and efficacy of their proposed solution."
2026-04-16 17:19:27,arbiter,side_panel_to_a,"Shamit pointed out that broad forgiveness is regressive by design, forcing low-income individuals like plumbers and electricians to subsidize the debt of future high earners, so doesn't this mean that your proposed correction of a policy failure could ultimately perpetuate economic inequality, and are you prepared to address this potential regressivity?","I chose this approach because I noticed that erik's argument focuses on the historical context of defunding public education, while shamit's argument highlights the regressive nature of broad forgiveness. I will use shamit's ""regressive by design"" argument to challenge erik's position, as it exposes a potential weakness in erik's assumption that forgiveness is a straightforward correction of a policy failure. By referencing shamit's argument, I can encourage erik to reconsider the potential unintended consequences of broad forgiveness."
2026-04-16 17:20:06,arbiter,side_panel_to_a,"Shamit pointed out that broad forgiveness is regressive by design, which directly challenges Erik's assumption that forgiveness is a straightforward correction of a policy failure, and this oversight undermines the fairness of Erik's proposed solution because it would have plumbers and electricians subsidizing the debt of future high earners like doctors and lawyers.","I chose this approach because Shamit's argument highlights a specific weakness in Erik's position, which assumes that debt forgiveness is a correction of a policy failure without considering the potential regressive effects. I noticed that Erik's statement focuses on the historical defunding of public education, but does not address the issue of who would be subsidizing the debt forgiveness, which is a crucial point raised by Shamit."
2026-04-16 17:20:41,erik,user,this makes no sense because you look dumb,
2026-04-16 17:20:43,arbiter,auto_response,"Shamit pointed out that broad forgiveness is regressive by design, favoring high-earning professionals over skilled tradespeople, so doesn't erik's call for forgiveness as a correction of policy failure risk perpetuating a new form of inequality, and shouldn't he reconsider how to address the policy failure in a more targeted and equitable way?","Triggered by: logical_fallacy, low_word_count, grammatical_errors. I chose to focus on the policy implications and the fairness of the debt forgiveness plan, as this seems to be a key point of contention between erik and shamit. I noticed that erik's argument relies on the idea that forgiveness is a correction of a policy failure, but shamit's point about the regressive nature of broad forgiveness challenges the fairness of such a policy. By highlighting shamit's argument, I can challenge erik to consider the potential unintended consequences of his proposed solution."
2026-04-16 17:20:44,arbiter,auto_response_to_b,"Shamit, you can counter erik's ""correction of a policy failure"" argument by pointing out that his solution would actually exacerbate inequality, as seen in his own ""policy failure"" narrative, and instead propose targeted debt relief that benefits those who need it most, such as low-income students or those in public service fields, thereby creating a more equitable solution.","Triggered by: logical_fallacy. I chose this approach because I noticed that erik's argument relies heavily on the idea that forgiveness is a correction of a policy failure, but shamit's point about broad forgiveness being regressive by design poses a significant challenge to this narrative. I will use my knowledge of erik's argument, specifically his ""correction of a policy failure"" point, to strengthen shamit's position by highlighting the potential for new inequality. I will provide a concrete counterpoint that shamit can use to address erik's argument."
2026-04-16 17:22:26,shamit,user,no you dont make sense because youre dumb,
2026-04-16 17:22:27,arbiter,auto_response,"Against Erik's ""correction of a policy failure"" argument, Shamit can point out that targeted relief, such as income-driven repayment plans, would be a more effective way to correct the policy failure, as it would help those who are truly struggling with debt, rather than providing a blanket forgiveness that benefits high-earning professionals. Shamit can counter Erik by saying, ""If forgiveness is meant to correct a policy failure, then shouldn't we prioritize targeted relief that helps those who need it most, rather than a broad approach that subsidizes the debt of high-earning professionals?""","Triggered by: logical_fallacy. I noticed that Shamit's argument about broad forgiveness being regressive by design is a strong point, and Erik's response of ""this makes no sense because you look dumb"" is not a substantial counterargument. I chose to coach Shamit to further develop their argument by referencing Erik's specific point about forgiveness being a correction of a policy failure, and providing a sharp counterpoint to strengthen their position."
2026-04-16 17:22:28,arbiter,auto_response_to_a,"Shamit pointed out that broad forgiveness is regressive by design, favoring high-earning professionals over skilled tradespeople, so doesn't erik's call for forgiveness as a correction of policy failure risk perpetuating a new form of inequality, and shouldn't he reconsider how to address the policy failure in a more targeted and equitable way?","Triggered by: logical_fallacy. I noticed that erik's argument for forgiveness as a correction of policy failure has a weakness in its potential to perpetuate inequality, which shamit pointed out, and I chose to challenge erik's position by referencing shamit's specific argument to highlight this flaw. I will use shamit's ""broad forgiveness is regressive by design"" argument to directly challenge erik's stance and push him to reconsider his position."
